{
	"type": "flying",
	"healColor":"FF5B5B",
	"outlineColor":"383848",
	"name": "利刃",
	"description": "信息缺失！",
	"details": "信息缺失！",
	"speed": 1.268,
	"accel": 0.052,
	"drag": 0.05,
	"flying": true,
	"engineLayer":110,
	"engines": [
		{
			"x": -16,
			"y": -36,
			"radius": 4,
			"rotation": 90
		},
		{
			"x": 16,
			"y": -36,
			"radius": 4,
			"rotation": 90
		}
	],
	"engineOffset": 24,
	"engineSize": 9,
	"hitSize": 58,
	"targetAir": true,
	"health": 357000,
	"armor": 68,
	"targetFlags": ["turret"],
	"rotateSpeed": 1.2,
	"ammoCapacity": 99999,
	"abilities": [
		{
			"type": "RepairFieldAbility",
			"amount": 530,
			"reload": 330,
			"range": 150,
			"healEffect": "none",
			"activeEffect": {
				"type": "WaveEffect",
				"lifetime": 35,
				"sizeFrom": 0,
				"sizeTo": 152,
				"strokeFrom": 16,
				"interp": "circleOut",
				"strokeTo": 0,
				"colorFrom": "FFFFFF",
				"colorTo": "FF5B5B"
			}
		},
		{
			"type": "ForceFieldAbility",
			"sides": 5,
			"radius": 150,
			"regen": 100,
			"max": 12000,
			"cooldown": 900
		},
		{
			"type": "ForceFieldAbility",
			"sides": 5,
			"rotation": 180,
			"radius": 150,
			"regen": 100,
			"max": 12000,
			"cooldown": 900
		}
	],
	"faceTarget": false,
	"weapons": [
		{
			"name": "利刃1",
			"reload": 15,
			"x": 12,
			"y": 16,
			"shootY":4,
			"rotate": true,
			"alternate": true,
			"rotateSpeed": 4,
			"shake": 1,
			"shootSound": "railgun",
			"bullet": {
				"type": "PointBulletType",
				"trailEffect": {
					"type": "ParticleEffect",
					"particles": 1,
					"length": 0,
					"baseLength": 1,
					"lifetime": 10,
					"line": true,
					"randLength": false,
					"lenFrom": 10,
					"lenTo": 10,
					"strokeFrom": 3.5,
					"strokeTo": 0,
					"colorFrom": "FEEBB3",
					"colorTo": "FEEBB3",
					"cone": 0
				},
				"trailSpacing": 9,
				"smokeEffect": "bigShockwave",
				"shootEffect": {
					"type": "ParticleEffect",
					"particles": 1,
					"sizeFrom": 7,
					"sizeTo": 0,
					"length": 0,
					"baseLength": 0,
					"lifetime": 11,
					"colorFrom": "FEEBB3",
					"colorTo": "FEEBB3",
					"cone": 360
				},
				"speed": 30,
				"lifetime": 16,
				"statusDuration": 180,
				"buildingDamageMultiplier": 3,
				"damage":126,
				"splashDamageRadius": 52,
				"splashDamage": 88,
				"hitShake": 1,
				"hitSound": "plasmaboom",
				"hitEffect": {
					"type": "MultiEffect",
					"effects": [
						{
							"type": "ParticleEffect",
							"particles": 9,
							"sizeFrom": 15,
							"sizeTo": 0,
							"length": 20,
							"baseLength": 28,
							"lifetime": 25,
							"colorFrom": "FEEBB380",
							"colorTo": "FEEBB300",
							"cone": 360
						},
						{
							"type": "ParticleEffect",
							"particles": 22,
							"line": true,
							"strokeFrom": 2,
							"strokeTo": 0,
							"lenFrom": 32,
							"lenTo": 0,
							"length": 83,
							"baseLength": 0,
							"lifetime": 22,
							"colorFrom": "FEEBB3",
							"colorTo": "FEEBB3",
							"cone": 360
						},
						{
							"type": "WaveEffect",
							"lifetime": 15,
							"sizeFrom": 0,
							"sizeTo": 52,
							"strokeFrom": 5,
							"strokeTo": 0,
							"colorFrom": "FEEBB3",
							"colorTo": "FEEBB3"
						},
						{
							"type": "ParticleEffect",
							"particles": 1,
							"sizeFrom": 8,
							"sizeTo": 0,
							"length": 0,
							"baseLength": 0,
							"lifetime": 35,
							"colorFrom": "FEEBB3",
							"colorTo": "FEEBB3",
							"cone": 360
						}
					]
				},
				"despawnEffect": "none",
				"fragBullets": 3,
				"fragBullet": {
					"type": "PointBulletType",
					"trailSpacing": 9,
					"trailEffect": {
						"type": "ParticleEffect",
						"particles": 1,
						"length": 0,
						"baseLength": 1,
						"lifetime": 8,
						"line": true,
						"randLength": false,
						"lenFrom": 10,
						"lenTo": 10,
						"strokeFrom": 2,
						"strokeTo": 0,
						"colorFrom": "FEEBB3",
						"colorTo": "FEEBB3",
						"cone": 0
					},
					"lifetime": 10,
					"speed": 15,
					"statusDuration": 60,
					"buildingDamageMultiplier": 3,
					"splashDamageRadius": 16,
					"splashDamage": 86,
					"damage":14,
					"hitShake": 6,
					"hitSound": "laser",
					"hitEffect": {
						"type": "MultiEffect",
						"effects": [
							{
								"type": "ParticleEffect",
								"particles": 1,
								"sizeFrom": 5,
								"sizeTo": 0,
								"length": 0,
								"baseLength": 0,
								"lifetime": 11,
								"colorFrom": "FEEBB3",
								"colorTo": "FEEBB3",
								"cone": 360
							},
							{
								"type": "ParticleEffect",
								"particles": 22,
								"line": true,
								"strokeFrom": 1,
								"strokeTo": 0,
								"lenFrom": 18,
								"lenTo": 0,
								"length": 33,
								"baseLength": 2,
								"lifetime": 10,
								"colorFrom": "FEEBB3",
								"colorTo": "FEEBB3",
								"cone": 360
							}
						]
					},
					"despawnEffect": "none"
				}
			}
		},
		{
			"name": "利刃1",
			"reload": 18.6,
			"x": -16,
			"y": -16,
			"shootY":4,
			"rotate": true,
			"alternate": true,
			"rotateSpeed": 4,
			"shake": 1,
			"shootSound": "railgun",
			"bullet": {
				"type": "PointBulletType",
				"trailEffect": {
					"type": "ParticleEffect",
					"particles": 1,
					"length": 0,
					"baseLength": 1,
					"lifetime": 10,
					"line": true,
					"randLength": false,
					"lenFrom": 10,
					"lenTo": 10,
					"strokeFrom": 3.8,
					"strokeTo": 0,
					"colorFrom": "FEEBB3",
					"colorTo": "FEEBB3",
					"cone": 0
				},
				"trailSpacing": 9,
				"smokeEffect": "bigShockwave",
				"shootEffect": {
					"type": "ParticleEffect",
					"particles": 1,
					"sizeFrom": 7,
					"sizeTo": 0,
					"length": 0,
					"baseLength": 0,
					"lifetime": 11,
					"colorFrom": "FEEBB3",
					"colorTo": "FEEBB3",
					"cone": 360
				},
				"speed": 30,
				"lifetime": 16,
				"statusDuration": 180,
				"buildingDamageMultiplier": 3,
				"damage":130,
				"splashDamageRadius": 52,
				"splashDamage": 88,
				"hitShake": 1,
				"hitSound": "plasmaboom",
				"hitEffect": {
					"type": "MultiEffect",
					"effects": [
						{
							"type": "ParticleEffect",
							"particles": 9,
							"sizeFrom": 15,
							"sizeTo": 0,
							"length": 20,
							"baseLength": 28,
							"lifetime": 25,
							"colorFrom": "FEEBB380",
							"colorTo": "FEEBB300",
							"cone": 360
						},
						{
							"type": "ParticleEffect",
							"particles": 22,
							"line": true,
							"strokeFrom": 2,
							"strokeTo": 0,
							"lenFrom": 32,
							"lenTo": 0,
							"length": 83,
							"baseLength": 0,
							"lifetime": 22,
							"colorFrom": "FEEBB3",
							"colorTo": "FEEBB3",
							"cone": 360
						},
						{
							"type": "WaveEffect",
							"lifetime": 15,
							"sizeFrom": 0,
							"sizeTo": 52,
							"strokeFrom": 5,
							"strokeTo": 0,
							"colorFrom": "FEEBB3",
							"colorTo": "FEEBB3"
						},
						{
							"type": "ParticleEffect",
							"particles": 1,
							"sizeFrom": 8,
							"sizeTo": 0,
							"length": 0,
							"baseLength": 0,
							"lifetime": 35,
							"colorFrom": "FEEBB3",
							"colorTo": "FEEBB3",
							"cone": 360
						}
					]
				},
				"despawnEffect": "none",
				"fragBullets": 3,
				"fragBullet": {
					"type": "PointBulletType",
					"trailSpacing": 9,
					"trailEffect": {
						"type": "ParticleEffect",
						"particles": 1,
						"length": 0,
						"baseLength": 1,
						"lifetime": 8,
						"line": true,
						"randLength": false,
						"lenFrom": 10,
						"lenTo": 10,
						"strokeFrom": 2,
						"strokeTo": 0,
						"colorFrom": "FEEBB3",
						"colorTo": "FEEBB3",
						"cone": 0
					},
					"lifetime": 10,
					"speed": 15,
					"statusDuration": 60,
					"buildingDamageMultiplier": 3,
					"splashDamageRadius": 16,
					"splashDamage": 86,
					"damage":14,
					"hitShake": 6,
					"hitSound": "laser",
					"hitEffect": {
						"type": "MultiEffect",
						"effects": [
							{
								"type": "ParticleEffect",
								"particles": 1,
								"sizeFrom": 5,
								"sizeTo": 0,
								"length": 0,
								"baseLength": 0,
								"lifetime": 11,
								"colorFrom": "FEEBB3",
								"colorTo": "FEEBB3",
								"cone": 360
							},
							{
								"type": "ParticleEffect",
								"particles": 22,
								"line": true,
								"strokeFrom": 1,
								"strokeTo": 0,
								"lenFrom": 18,
								"lenTo": 0,
								"length": 33,
								"baseLength": 2,
								"lifetime": 10,
								"colorFrom": "FEEBB3",
								"colorTo": "FEEBB3",
								"cone": 360
							}
						]
					},
					"despawnEffect": "none"
				}
			}
		},
		{
			"name": "利刃3",
			"x": 0,
			"y": 8,
			"reload": 80,
			"mirror": true,
			"rotate": false,
			"controllable": false,
			"autoTarget": true,
			"shoot": {
				"shots": 8,
				"shotDelay": 5,
				"type": "ShootBarrel",
				"barrels": [
					0,3,35,
					0,-2,30,
					0,5,30,
					0,-4,35,
					0,7,35,
					0,-6,30,
					0,9,30,
					0,-8,35
				]
			},
			"shootSound": "missile",
			"inaccuracy": 2,
			"shootCone": 360,
			"bullet": {
				"type": "FlakBulletType",
				"damage": 115,
				"knockback": -6,
				"shrinkY": 0,
				"status": "unmoving",
				"statusDuration": 60,
				"homingDelay": 20,
				"homingRange": 500,
				"homingPower": 0.1,
				"splashDamageRadius": 45,
				"splashDamage": 225,
				"hitSoundVolume":6,
				"hitSound":"explosion",
				"hitEffect": "flakExplosionBig",
				"despawnEffect": "flakExplosionBig",
				"sprite": "战术单位拓展-落雁",
				"trailLength": 16,
				"trailWidth": 1.5,
				"trailChance": 0,
				"trailInterval": 6,
				"trailEffect": {
					"type": "ParticleEffect",
					"particles": 4,
					"sizeFrom": 3,
					"sizeTo": 0,
					"length": 30,
					"lifetime": 30,
					"interp": "circleOut",
					"sizeInterp": "pow5In",
					"colorFrom": "FF5B5B",
					"colorTo": "78787870",
					"cone": 10
				},
				"trailRotation": true,
				"frontColor": "FF5B5B",
				"trailColor": "FF5B5B",
				"backColor": "FF5B5B",
				"width": 18,
				"height": 55,
				"drag":-0.02,
				"speed": 2,
				"lifetime": 108
			}
		},
		{
			"name": "利刃2",
			"x": 0,
			"y": 0,
			"reload": 280,
			"mirror": false,
			"rotate": true,
			"rotateSpeed": 1,
			"shootSound": "missileLarge",
			"inaccuracy": 30,
			"shootCone":100,
			"minWarmup": 0.9,
			"shootWarmupSpeed": 0.022,
			"shoot": {
				"shots": 3,
				"shotDelay": 16
			},
			"bullet": {
				"keepVelocity": false,
				"speed": 0,
				"hitShake": 8,
				"shootEffect": {
					"type": "WaveEffect",
					"interp": "circleOut",
					"lifetime": 11,
					"sizeFrom": 0,
					"sizeTo": 70,
					"strokeFrom": 40,
					"strokeTo": 16,
					"colorFrom": "FF5B5B",
					"colorTo": "FF5B5B00"
				},
				"smokeEffect": "shootSmallFlame",
				"spawnUnit": "利刃2导弹"
			}
		}
	]
}